DROP DATABASE IF EXISTS luxuryMotors_db;
CREATE DATABASE luxuryMotors_db;
USE luxuryMotors_db;


CREATE TABLE department(
department_id SMALLINT UNSIGNED NOT NULL AUTO_INCREMENT,
department_name VARCHAR(45) NOT NULL,
department_description VARCHAR(100) NOT NULL,
PRIMARY KEY (department_id)
) ENGINE=InnoDB DEFAULT CHARSET=latin1;


CREATE TABLE employee_role(
role_id SMALLINT UNSIGNED NOT NULL AUTO_INCREMENT,
role_name VARCHAR(45) NOT NULL,
role_description VARCHAR(100) NOT NULL,
role_department SMALLINT UNSIGNED NOT NULL,
CONSTRAINT roleDepartment_fk_1 FOREIGN KEY (role_department) REFERENCES department (department_id),
PRIMARY KEY (role_id)
) ENGINE=InnoDB DEFAULT CHARSET=latin1;


CREATE TABLE employee(
emp_id SMALLINT UNSIGNED NOT NULL AUTO_INCREMENT,
emp_first_name VARCHAR(45) NOT NULL,
emp_last_name VARCHAR(45) NOT NULL,
emp_gender ENUM ('M','F','O')NOT NULL,
emp_dob DATE NOT NULL,
emp_address1 VARCHAR(30) NOT NULL,
emp_address2 VARCHAR(40) NOT NULL,
emp_address3 VARCHAR(40),
emp_phone VARCHAR(20) NOT NULL,
emp_email VARCHAR(30) NOT NULL,
emp_department SMALLINT UNSIGNED NOT NULL,
emp_role SMALLINT UNSIGNED NOT NULL,
CONSTRAINT empDept_fk_1 FOREIGN KEY (emp_department) REFERENCES department (department_id),
CONSTRAINT empRole_fk_3 FOREIGN KEY (emp_role) REFERENCES employee_role (role_id),
PRIMARY KEY (emp_id)  
) ENGINE=InnoDB DEFAULT CHARSET=latin1;


CREATE TABLE leave_types(
leave_id SMALLINT UNSIGNED NOT NULL AUTO_INCREMENT,
leave_name VARCHAR(45) NOT NULL,
leave_description VARCHAR(100) NOT NULL,
PRIMARY KEY (leave_id)
) ENGINE=InnoDB DEFAULT CHARSET=latin1;


CREATE TABLE allocated_leave (
allocated_leave_id SMALLINT UNSIGNED NOT NULL AUTO_INCREMENT,
allocated_leave_type SMALLINT UNSIGNED NOT NULL,
allocated_leave_days SMALLINT UNSIGNED NOT NULL,
allocated_remain_days SMALLINT UNSIGNED NOT NULL,
allocated_leave_expiry_date DATE NOT NULL,
allocated_leave_employee SMALLINT UNSIGNED NOT NULL,
CONSTRAINT al_type FOREIGN KEY (allocated_leave_type) REFERENCES leave_types (leave_id),
CONSTRAINT employee_to_leave_id FOREIGN KEY (allocated_leave_employee) REFERENCES employee (emp_id),
PRIMARY KEY (allocated_leave_id)
) ENGINE=InnoDB DEFAULT CHARSET=latin1;


CREATE TABLE leave_request(
leavereq_id SMALLINT UNSIGNED NOT NULL AUTO_INCREMENT,
leavereq_empID SMALLINT UNSIGNED NOT NULL,
leavereq_nature SMALLINT UNSIGNED NOT NULL,
leavereq_reason VARCHAR(100) NOT NULL,
leavereq_date DATETIME DEFAULT CURRENT_TIMESTAMP,
leave_status ENUM ('PENDING', 'APPROVED', 'DENIED') DEFAULT 'PENDING',
leaveapp_man SMALLINT UNSIGNED NULL,
leaveapp_date DATETIME DEFAULT NULL ON UPDATE CURRENT_TIMESTAMP,
CONSTRAINT leavereq_empID_fk_1 FOREIGN KEY (leavereq_empID) REFERENCES employee (emp_id),
CONSTRAINT leavereqnature_fk_1 FOREIGN KEY (leavereq_nature) REFERENCES leave_types (leave_id),
CONSTRAINT leaveappman_fk_1 FOREIGN KEY (leaveapp_man) REFERENCES employee (emp_id),
PRIMARY KEY (leavereq_id)
) ENGINE=InnoDB DEFAULT CHARSET=latin1;





INSERT INTO department VALUES 
(1000,'I.T DEPARTMENT','DEPARTMENT RESPONSIBLE FOR ALL IT RELATED TRANSACTIONS'),
(1001,'SALES DEPARTMENT','DEPARTMENT RESPONSIBLE FOR ALL SALES AND MARKETING'),
(1002,'FINANCE DEPARTMENT', 'DEPARTMENT RESPONSIBLE FOR ALL ACCOUNTING TRANSACTIONS'),
(1003,'MAINTENANCE DEPARTMENT','DEPARTMENT RESPONSIBLE FOR ALL MAINTENANCE OF VEHICLES'),
(1004,'HR DEPARTMENT','DEPARTMENT RESPONSIBLE FOR ALL HR RELATED TRANSACTIONS'),
(1005,'PROCUREMENT DEPARTMENT','DEPARTMENT RESPONSIBLE FOR ALL PROCURMENT'),
(1006,'WAREHOUSE DEPARTMENT','DEPARTMENT RESPONSIBLE FOR ALL WAREHOUSE TRANSACTIONS'),
(1007,'DIRECTOR','DIRECTOR OF THE COMPANY');

INSERT INTO employee_role VALUES
(2000, 'ACCOUNTING MANAGER', 'MANAGES THE ACCOUNTING DEPARTMENT', 1002),
(2001, 'ACCOUNTANT II', 'RESPONSIBLE FOR FINANCES OF THE COMPANY', 1002),
(2002, 'ACCOUNTING I', 'RESPONSIBLE FOR SALARIES OF THE COMPANY', 1002),
(2003, 'ACCOUNTING CLERK', 'PROVIDES ASSISTANCE TO ACCOUNTING UNIT', 1002),
(2004, 'HR MANAGER', 'MANAGES THE HUMAN RESOURCE DEPARTMENT', 1004),
(2005, 'HR OFFICER II', 'RESPONSIBLE FOR LEAVE APPROVAL & HR POLICIES', 1004),
(2006, 'HR OFFICER I', 'RESPONSIBLE FOR TRAINING', 1004),
(2007, 'HR CLERK', 'PROVIDES SUPPORT TO HR DEPARTMENT', 1004),
(2008, 'IT MANAGER', 'MANAGES THE IT DEPARTMENT', 1000),
(2009, 'NETWORK ADMIN', 'RESPONSIBLE FOR SYSTEM NETWORK', 1000),
(2010, 'DATABASE ADMIN', 'RESPONSIBLE FOR MAINTANANCE OF THE DATABASE', 1000),
(2011, 'SYSTEMS ANALYST', 'RESPONSIBLE FOR IMPLEMENTATION OF IT SYSTEMS', 1000),
(2012, 'IT TECHNICIAN', 'PROVIDES IT SUPPORT', 1000),
(2013, 'PROCUREMENT MANAGER', 'MANAGES THE PROCUREMENT DEPARTMENT', 1005),
(2014, 'PROCUREMENT CLERK', 'RESPONSIBLE FOR PURCHASING GOODS AND SERVICES', 1005),
(2015, 'SALES MANAGER', 'MANAGES THE SALES DEPARTMENT', 1001),
(2016, 'SALES CLERK', 'RESPONSIBLE FOR SALES OF PRODUCTS', 1001),
(2017, 'WAREHOUSE MANAGER', 'MANAGES THE WAREHOUSE DEPARTMENT', 1006),
(2018, 'WAREHOUSE CLERK', 'RESPONSIBLE FOR PRODUCTS STORED IN THE WAREHOUSE', 1006),
(2019, 'WAREHOUSE LABOURER', 'PROVIDES PHYSICAL LABOUR TO THE WAREHOUSE STAFF', 1006),
(2020, 'MECHANIC MANAGER', 'MANAGES THE WAREHOUSE DEPARTMENT', 1003),
(2021, 'MECHANIC', 'RESPONSIBLE FOR PRODUCTS STORED IN THE WAREHOUSE', 1003),
(2022, 'MAINTENANCE CLERK', 'PROVIDES PHYSICAL LABOUR TO THE WAREHOUSE STAFF', 1003),
(2023, 'EXECUTIVE DIRECTOR', 'DIRECTOR OF THE COMPANY', 1007);


INSERT INTO employee VALUES
(4000, 'FRANK', 'BELUSI', 'M', '1968-11-12', 'SAN FERNANDO', 'INDEPENDENCE AVE', '12 LEWIS STREET', '1-868-453-8977',
 'frankb@gmail.com', 1007, 2023 ),
(4001, 'VANESSA', 'BELUSI', 'F', '1970-10-18', 'SAN FERNANDO', 'INDEPENDENCE AVE', '12 LEWIS STREET', '1-868-456-9997',
 'vanessab@gmail.com', 1002, 2000 ), 
(4002, 'JANE', 'NAIM', 'F', '1977-03-03', 'SAN FERNANDO', 'GULF VIEW', '16 FRANK STREET', '1-868-876-8977',
 'janen@gmail.com', 1002, 2001 ),
(4003, 'ALAN', 'MOHAMMED', 'M', '1980-07-07', 'LA ROMAINE', '23 POND STREET', ' ', '1-868-653-5643',
 'alanm@gmail.com', 1002, 2002 ),
(4004, 'KIMBERLY', 'GORDON', 'F', '1985-03-19', 'CHAGUANAS', 'MONTROSE', '16 RAMSARAN STREET', '1-868-344-8678',
 'kimberlyg@gmail.com', 1004, 2003),
(4005, 'SARAH', 'OLIVER', 'F', '1979-09-15', 'CHAGUANAS', 'CHASE VILLAGE', '55 TRANS STREET', '1-868-323-9123',
 'saraho@gmail.com', 1004, 2004 ),
(4006, 'DIANE', 'ST.CYR', 'F', '1988-10-13', 'PRINCES TOWN', 'GREEN ACRES', '88 GARY STREET', '1-868-355-8977',
 'dianes@gmail.com', 1004, 2005 ),
(4007, 'ZOLA', 'KHAN', 'F', '1990-04-03', 'ST. JOSEPH', 'BAMBOO #2', '16 IBIS STREET', '1-868-555-5557',
 'zolak@gmail.com', 1004, 2006 ),
(4008, 'SAMUEL', 'PETER', 'M', '1979-12-20', 'MARABELLA', 'GOPAUL LANDS', '19 DEAN STREET', '1-868-444-4477',
 'samuelp@gmail.com', 1000, 2007),
(4009, 'CARLA', 'SINGH', 'F', '1980-03-17', 'PORT OF SPAIN', 'EAST DRY RIVER', '3 ALFREDO STREET', '1-868-625-5643',
 'carlas@gmail.com', 1000, 2008 ),
(4010, 'KATHERINE', 'RAMSEY', 'F', '1987-02-19', 'CHAGUANAS', 'MONTROSE', '16 LONDON STREET', '1-868-345-9876',
 'katheriner@gmail.com', 1000, 2009 ),
(4011, 'SHELDON', 'SMITH', 'M', '1979-09-15', 'ARIMA', 'PASEA', '53 KAIL STREET', '1-868-323-1111',
 'sheldons@gmail.com', 1000, 2010 ),
(4012, 'GUY', 'SMILEY', 'M', '1982-11-15', 'COUVA', 'RIVULET ROAD', '12 DORIAN STREET', '1-868-377-4977',
 'guys@gmail.com', 1005, 2011 ),
(4013, 'BRENDA', 'LALL', 'F', '1991-07-08', 'POINT FORTIN', 'FIELD ROAD', '22 FRED STREET', '1-868-854-1254',
 'brendal@gmail.com', 1005, 2012 ),
(4014, 'STEPHAN', 'BOODRAM', 'M', '1988-12-25', 'MAYARO', 'DRECAS LANDS', '19 GORDON STREET', '1-868-987-4477',
 'stephanb@gmail.com', 1001, 2013),
(4015, 'CHRISTINE', 'HAIDAR', 'F', '1984-07-27', 'COUVA', 'ROYSTONIA', '88 HELEN STREET', '1-868-725-5443',
 'christineh@gmail.com', 1001, 2014),
(4016, 'KENDALL', 'NORMAN', 'M', '1977-08-19', 'CHAGUANAS', 'MONTROSE', '12 VICTOR STREET', '1-868-888-9076',
 'kendalln@gmail.com', 1006, 2015 ),
(4017, 'SASHA', 'MORGAN', 'F', '1989-09-14', 'ARANGUEZ', 'LALL GARDENS', '99 JACK STREET', '1-868-543-1111',
 'sasham@gmail.com', 1006, 2016 ),
(4018, 'GREGORY', 'ARGOS', 'M', '1972-12-14', 'POINTE-A-PIERRE', 'ALMA PASTURES', '17 DRAKE STREET', '1-868-234-4997',
 'gregorya@gmail.com', 1006, 2017),
(4019, 'FRED', 'SANFORD', 'M', '1991-10-10', 'SAN FERNANDO', 'PLEASANTVILLE', '22 ORCHARD STREET', '1-868-322-1754',
 'freds@gmail.com', 1003, 2018 ),
(4020, 'STEVEN', 'TYLER', 'M', '1985-11-15', 'RIO CLARO', 'ORCHARD GARDENS', '11 BALI STREET', '1-868-222-1157',
 'stevent@gmail.com', 1003, 2019 ),
(4021, 'CHRISTINE', 'LAING', 'F', '1986-05-17', 'SAN FERNANDO', 'PALMISTE', '18 VICTOR STREET', '1-868-425-5643',
 'christinel@gmail.com', 1003, 2020 ),
(4022, 'HARRY', 'OSBOURNE', 'M', '1979-01-01', 'COUVA', 'PREYSAL', '12 VANDI STREET', '1-868-677-9126',
 'harryo@gmail.com', 1003, 2021 ),
(4023, 'DEAN', 'IMBERT', 'M', '1977-12-24', 'PORT OF SPAIN', 'JASON VILLAS', '13 KNOX STREET', '1-868-227-4563',
 'deani@gmail.com', 1001, 2014 ),
(4024, 'CAROL', 'MODESTE', 'F', '1985-01-27', 'COUVA', 'ROYSTONIA', '84 HELEN STREET', '1-868-111-3343',
 'carolm@gmail.com', 1001, 2014 ),
(4025, 'BRANDON', 'SINGH', 'M', '1990-02-15', 'OROPOUCHE', 'SEAVIEW LANDS', '21 LAGOON STREET', '1-868-123-3356',
 'brandons@gmail.com', 1001, 2014 ),
(4026, 'NAILA', 'JACK', 'F', '1982-04-17', 'CHAGUANAS', 'CHIN CHIN ROAD', '82 LORD STREET', '1-868-765-3341',
 'nailajgmail.com', 1001, 2014 ),
(4027, 'RYA', 'GOMES', 'F', '1989-06-30', 'COUVA', 'ROYSTONIA', '12 HELEN STREET', '1-868-222-1113',
 'ryag@gmail.com', 1001, 2014 ),
(4028, 'ZANDRINA', 'QUENDO', 'F', '1991-10-10', 'BELMONT', 'HADEN GARDENS', '99 HULLER STREET', '1-868-121-5412',
 'zandrinaq@gmail.com', 1001, 2014 ),
(4029, 'DAVID', 'GOLIATH', 'M', '1977-11-14', 'SAN FERNANDO', 'ENTERPRISE AVE.', '12 DRAYTON STREET', '1-868-229-4883',
 'davidg@gmail.com', 1001, 2014),
(4030, 'ADRIANA', 'MULLER', 'F', '1975-03-07', 'LA BREA', 'ROJON LANDS', '82 HARTER STREET', '1-868-654-1243',
 'adrainam@gmail.com', 1001, 2014 ),
(4031, 'RAIKEL', 'FERBIN', 'F', '1991-12-25', 'OROPOUCHE', 'DEAWIN LANDS', '32 KING STREET', '1-868-973-3506',
 'raikelf@gmail.com', 1001, 2014),
(4032, 'XAVIER', 'MUNGAL', 'M', '1987-10-09', 'CHAGUANAS', 'CHIN CHIN ROAD', '77 SAND STREET', '1-868-665-3888',
 'xaviermgmail.com', 1001, 2014),
(4033, 'ENGELBERT', 'GOMES', 'M', '1990-07-07', 'RIO CLARO', 'TABLELAND', '22 FREDDY STREET', '1-868-156-3413',
 'engelbertg@gmail.com', 1001, 2014 ),
(4034, 'PAUL', 'CARLTON', 'M', '1992-10-17', 'GASPARILLO', 'BONNE VENTURE', '9 NIGEL STREET', '1-868-721-1762',
 'paulc@gmail.com', 1001, 2014 ),
(4035, 'PAULA', 'CHARLES', 'F', '1999-10-17', 'GASPARILLO', 'BRED SETTLEMENT', '9 RIGA STREET', '1-868-729-1062',
 'paulac@gmail.com', 1001, 2014 ),
(4036, 'PRINCE', 'MAX', 'M', '1982-10-09', 'GUAPO', 'FREDDY HOUSING', '92 MANNY STREET', '1-868-821-0762',
 'mannym@gmail.com', 1000, 2010 ),
(4037, 'ANDRE', 'GREEN', 'M', '1997-11-17', 'SAN FERNANDO', 'ORCHARD GARDENS', '90 DISAN STREET', '1-868-654-1992',
 'andreg@gmail.com', 1003, 2019 ), 
(4038, 'PAUL', 'CARLTON', 'M', '1992-10-17', 'GASPARILLO', 'BONNE VENTURE', '9 NIGEL STREET', '1-868-721-1762',
 'paulc@gmail.com', 1003, 2019 ), 
(4039, 'RICAN', 'TRENT', 'M', '2000-12-31', 'DEBE', 'LAL DEVELOPMENT', '88 MIGUEL STREET', '1-868-678-0762',
 'ricant@gmail.com', 1003, 2019 ), 
(4040, 'STEVE', 'SOLID', 'M', '2002-07-12', 'PENAL', 'COOL SETTLEMENT', '768 LINE STREET', '1-868-721-1002',
 'steves@gmail.com', 1003, 2019 ), 
(4041, 'INGRID', 'ANTON', 'F', '1997-12-24', 'SAN JUAN', 'ROMAN DEVELOPMENT', '55 JOKER STREET', '1-868-999-1342',
 'ingrida@gmail.com', 1003, 2019 ), 
(4042, 'DIANNE', 'FLOWA', 'F', '1998-05-11', 'SAN FERNANDO', 'PALMISTE', '45 TRET STREET', '1-868-435-1762',
 'diannef@gmail.com', 1003, 2019 ), 
(4043, 'HARRY', 'CARL', 'M', '2000-09-13', 'GALEOTA', 'RAISUN ROAD', '22 ERIN STREET', '1-868-345-1766',
 'harryc@gmail.com', 1003, 2019 ), 
(4044, 'BOB', 'LOB', 'M', '200-06-10', 'ERIN', 'UDUN ROAD', '777 RED STREET', '1-868-761-1762',
 'bobl@gmail.com', 1003, 2019 ), 
(4045, 'DANE', 'KING', 'M', '1982-09-17', 'POINT FORTIN', 'CHATAM', '34 TUD STREET', '1-868-665-1762',
 'danek@gmail.com', 1003, 2019 ), 
(4046, 'ZOLA', 'ZONE', 'F', '1996-11-10', 'GASPARILLO', 'BONNE VENTURE', '40 NIGEL STREET', '1-868-781-1762',
 'zolaz@gmail.com', 1003, 2019 ), 
(4047, 'PAUL', 'MEET', 'M', '1972-12-18', 'PRINCES TOWN', 'BONO DIVE', '22 GORDON STREET', '1-868-721-0762',
 'paulme@gmail.com', 1003, 2019 ), 
(4048, 'PATRICIA', 'FRANK', 'F', '1994-02-27', 'COUVA', 'POND SETTLEMENT', '15 RAMSARAN STREET', '1-868-987-1762',
 'pa@gmtriciafail.com', 1006, 2017 ), 
(4049, 'PETER', 'HAN', 'M', '1982-12-15', 'PORT OF SPAIN', 'INDEPENDENCE SQUARE', '2 EDWARD STREET', '1-868-627-1092',
 'peterha@gmail.com', 1006, 2017 ); 
 
 INSERT INTO leave_types VALUES 
(3000, 'VACATION',' LEAVE FOR EMPLOYEES THAT WANT TO TAKE A VACATION'),
(3001, 'SICK',' LEAVE FOR EMPLOYEES THAT ARE SICK'),
(3002, 'MATERNITY',' LEAVE FOR EMPLOYEES THAT ARE PREGNANT'),
(3003, 'PATERNITY',' LEAVE FOR EMPLOYEES THAT RECENTLY BECAME PARENTS'),
(3004, 'BEREAVEMENT',' LEAVE FOR EMPLOYEES THAT NEED TIME OFF DUE TO A DEATH'),
(3005, 'CASUAL',' LEAVE FOR EMPLOYEES THAT WANT A CASUAL LEAVE'),
(3006, 'STUDY', 'LEAVE FOR EMPLOYEES THAT NEED IT FOR EDUCATION PURPOSES'),
(3007, 'NO PAID', 'LEAVE FOR EMPLOYYES THAT WOULD SEE THEM GET NO PAY IN THEIR TIME AWAY');

INSERT INTO allocated_leave VALUES 
/*Executive director*/
(5000, 3000, 30,30,'2021-12-31', 4000),
(5001, 3001, 21,21,'2021-12-31', 4000),
(5002, 3002, 0,0,'2021-12-31', 4000),
(5003, 3003, 14,14,'2021-12-31', 4000),
(5004, 3004, 7,7,'2021-12-31', 4000),
(5005, 3005, 14,14,'2021-12-31', 4000),
(5006, 3006, 90,90,'2021-12-31', 4000),
(5007, 3007, 90,90,'2021-12-31', 4000),
/*Manager 1 accounting*/
(5008, 3000, 21,21,'2021-12-31', 4001),
(5009, 3001, 17,17,'2021-12-31', 4001),
(5010, 3002, 90,90,'2021-12-31', 4001),
(5011, 3003, 0,0,'2021-12-31', 4001),
(5012, 3004, 7,7,'2021-12-31', 4001),
(5013, 3005, 12,12,'2021-12-31', 4001),
(5014, 3006, 45,45,'2021-12-31', 4001),
(5015, 3007, 45,45,'2021-12-31', 4001),
/*Manager 2 warehouse*/
(5016, 3000, 14,14,'2021-12-31', 4021),
(5017, 3001, 7,7,'2021-12-31', 4021),
(5018, 3002, 90,90'2021-12-31', 4021),
(5019, 3003, 0,0,'2021-12-31', 4021),
(5020, 3004, 7,7,'2021-12-31', 4021),
(5021, 3005, 12,12,'2021-12-31', 4021),
(5022, 3006, 45,45,'2021-12-31', 4021),
(5023, 3007, 45,45,'2021-12-31', 4021),
/*employee 1 accountII*/
(5024, 3000, 7,7,'2021-12-31', 4002),
(5025, 3001, 7,7,'2021-12-31', 4002),
(5026, 3002, 60,60,'2021-12-31', 4002),
(5027, 3003, 0,0,'2021-12-31', 4002),
(5028, 3004, 3,3,'2021-12-31', 4002),
(5029, 3005, 4,4,'2021-12-31', 4002),
(5030, 3006, 20,20,'2021-12-31', 4002),
(5031, 3007, 10,10,'2021-12-31', 4002),
/*employee 2 accountant I*/
(5032, 3000, 7,7,'2021-12-31', 4003),
(5033, 3001, 7,7,'2021-12-31', 4003),
(5034, 3002, 0,0,'2021-12-31', 4003),
(5035, 3003, 10,10,'2021-12-31', 4003),
(5036, 3004, 3,3,'2021-12-31', 4003),
(5037, 3005, 4,4,'2021-12-31', 4003),
(5038, 3006, 20,20,'2021-12-31', 4003),
(5039, 3007, 10,10,'2021-12-31', 4003),
/*employee 3 account clerk*/
(5040, 3000, 7,7,'2021-12-31', 4004),
(5041, 3001, 7,7,'2021-12-31', 4004),
(5042, 3002, 60,60,'2021-12-31', 4004),
(5043, 3003, 0,0,'2021-12-31', 4004),
(5044, 3004, 3,3,'2021-12-31', 4004),
(5045, 3005, 4,4,'2021-12-31', 4004),
(5046, 3006, 20,20,'2021-12-31', 4004),
(5047, 3007, 10,10,'2021-12-31', 4004),
/*employee 4 warehouse staff*/
(5048, 3000, 7,7,'2021-12-31', 4019),
(5049, 3001, 7,7,'2021-12-31', 4019),
(5050, 3002, 0,0,'2021-12-31', 4019),
(5051, 3003, 10,10,'2021-12-31', 4019),
(5052, 3004, 3,3,'2021-12-31', 4019),
(5053, 3005, 4,4,'2021-12-31', 4019),
(5054, 3006, 20,20,'2021-12-31', 4019),
(5055, 3007, 10,10,'2021-12-31', 4019),
/*employee 5 warehouse staff*/
(5056, 3000, 7,7,'2021-12-31', 4020),
(5057, 3001, 7,7,'2021-12-31', 4020),
(5058, 3002, 0,0,'2021-12-31', 4020),
(5059, 3003, 10,10,'2021-12-31', 4020),
(5060, 3004, 3,3,'2021-12-31', 4020),
(5061, 3005, 4,4,'2021-12-31', 4020),
(5062, 3006, 20,20,'2021-12-31', 4020),
(5063, 3007, 10,10,'2021-12-31', 4020),
/*employee 6 warehouse staff*/
(5064, 3000, 7,7,'2021-12-31', 4037),
(5065, 3001, 7,7,'2021-12-31', 4037),
(5066, 3002, 0,0,'2021-12-31', 4037),
(5067, 3003, 10,10,'2021-12-31', 4037),
(5068, 3004, 3,3,'2021-12-31', 4037),
(5069, 3005, 4,4,'2021-12-31', 4037),
(5070, 3006, 20,20,'2021-12-31', 4037),
(5071, 3007, 10,10,'2021-12-31', 4037),
/*employee 7 warehouse staff*/
(5072, 3000, 7,7,'2021-12-31', 4038),
(5073, 3001, 7,7,'2021-12-31', 4038),
(5074, 3002, 0,0,'2021-12-31', 4038),
(5075, 3003, 10,10,'2021-12-31', 4038),
(5076, 3004, 3,3,'2021-12-31', 4038),
(5077, 3005, 4,4,'2021-12-31', 4038),
(5078, 3006, 20,20,'2021-12-31', 4038),
(5079, 3007, 10,10,'2021-12-31', 4038),
/*employee 8 warehouse staff*/
(5080, 3000, 7,7,'2021-12-31', 4039),
(5081, 3001, 7,7,'2021-12-31', 4039),
(5082, 3002, 0,0,'2021-12-31', 4039),
(5083, 3003, 10,10,'2021-12-31', 4039),
(5084, 3004, 3,3,'2021-12-31', 4039),
(5085, 3005, 4,4,'2021-12-31', 4039),
(5086, 3006, 20,20,'2021-12-31', 4039),
(5087, 3007, 10,10,'2021-12-31', 4039),
/*employee 9 warehouse staff*/
(5088, 3000, 7,7,'2021-12-31', 4040),
(5089, 3001, 7,7,'2021-12-31', 4040),
(5090, 3002, 0,0,'2021-12-31', 4040),
(5091, 3003, 10,10,'2021-12-31', 4040),
(5092, 3004, 3,3,'2021-12-31', 4040),
(5093, 3005, 4,4,'2021-12-31', 4040),
(5094, 3006, 20,20,'2021-12-31', 4040),
(5095, 3007, 10,10,'2021-12-31', 4040);

INSERT INTO leave_request VALUES
(6000, 4002, 3001, 'ALLERGIES', '2021-01-02', 'PENDING', NULL, NULL),
(6001, 4003, 3000, 'OUT OF COUNTRY TRAVEL', '2021-01-10', 'PENDING', NULL, NULL),
(6002, 4004, 3004, 'DEATH OF MOTHER', '2021-01-10', 'PENDING',NULL , NULL),
(6003, 4019, 3001, 'COMMON COLD', '2021-01-11', 'PENDING',NULL , NULL),
(6004, 4020, 3001, 'ALLERGIES', '2021-01-15', 'PENDING', NULL, NULL),
(6005, 4037, 3000, 'OUT OF COUNTRY TRAVEL', '2021-01-11', 'PENDING', NULL, NULL),
(6006, 4038, 3005, 'HOME REPAIRS TO BE COMPLETED', '2021-01-11', 'PENDING', NULL, NULL),
(6007, 4039, 3001, 'COMMON COLD', '2021-01-10', 'PENDING',NULL , NULL),
(6008, 4040, 3001, 'COMMON COLD', '2021-01-09', 'PENDING', NULL, NULL),
(6009, 4001, 3000, 'OUT OF COUNTRY TRAVEL', '2020-09-03', 'APPROVED', 4000, '2020-09-04' ),
(6010, 4021, 3004, 'DEATH OF FATHER', '2020-09-07', 'APPROVED', 4000, '2020-09-08'),
(6011, 4003, 3001, 'COMMON COLD', '2021-01-08', 'APPROVED', 4001, '2021-01-08');


/*Queries*/

/*Inserting data into the alloction of Days table*/

INSERT INTO `allocated_leave`(`allocated_leave_id`, `allocated_leave_type`, `allocated_leave_days`, `allocated_leave_expiry_date`, `allocated_leave_employee`) 
VALUES (?,?,?,?,?);

/*Viewing all Allocated Leave for a specific employee*/

SELECT l.leave_name, a.allocated_leave_days,a.allocated_leave_expiry_date 
FROM   allocated_leave a
INNER JOIN    leave_types l ON  a.allocated_leave_type = l.leave_id
WHERE a.allocated_leave_employee = ?;



/*Employee can view all their leave requests*/

SELECT 
leave_types.leave_name AS Nature, 
leave_request.leavereq_reason AS Reason, 
leave_request.leavereq_date AS Requested_Date, 
leave_request.leave_status, 
leave_request.leaveapp_date AS Approval
FROM leave_types 
INNER JOIN leave_request ON leave_types.leave_id = leave_request.leavereq_nature
WHERE leave_request.leavereq_empID = ?;

/*Manager viewing the pending leave applications from his department*/

SELECT employee.emp_first_name, employee.emp_last_name,  employee_role.role_name,  leave_request.leavereq_reason, leave_request.leavereq_date, leave_types.leave_name,leave_request.leave_status 
FROM department INNER JOIN employee ON department.department_id = employee.emp_department 
INNER JOIN employee_role ON department.department_id = employee_role.role_department AND employee.emp_role = employee_role.role_id 
INNER JOIN leave_request ON employee.emp_id = leave_request.leavereq_empID 
INNER JOIN leave_types ON leave_request.leavereq_nature = leave_types.leave_id
WHERE department_id = ? AND leave_status= 'PENDING';
